team,followers
Raiders,1943774
Broncos,2801391
Chiefs,2566705
Chargers,1122755
Jets,1384124
Patriots,4676460
Dolphins,1295529
Bills,1800145
Jaguars,873095
Colts,1249141
Texans,2005213
Titans,1069557
Bengals,1610917
Browns,1641738
Steelers,3762876
Ravens,1930069
Cowboys,4411652
Eagles,3890155
Giants,2001789
Redskins,1423268
Packers,2620396
Vikings,1575000
Bears,2089934
Lions,1685260
Falcons,2445813
Buccanears,1322869
Saints,1770620
Panthers,3077824
49ers,2469973
Seahawks,2564110
Cardinals,1162212
Rams,1252912
